{"cameraMode":{"drawMode":0,"name":"Shaded","section":"Shading Mode"},"sceneLighting":false,"audioPlay":false,"sceneViewState":{"showFog":true,"showMaterialUpdate":false,"showSkybox":true,"showFlares":true,"showImageEffects":true,"showParticleSystems":true},"in2DMode":false,"pivot":{"x":4.5697526931762699,"y":0.7512784004211426,"z":3.6082520484924318},"rotation":{"x":-0.005431264638900757,"y":-0.99447101354599,"z":0.08103857189416886,"w":-0.06662168353796005},"size":4.952691555023193,"orthographic":false}